No.,Component,Specification,Quantity,Unit Price (INR),Total (INR),Product Link
1,RC522 RFID Reader,13.56 MHz RFID Card Reader Module,1,93,93,https://robu.in/product/rc522-rfid-card-reader-module-13-56mhz/
2,RFID Cards,13.56 MHz Pack of 5,1,51,51,https://robu.in/product/rfid-13-56mhz-card/
3,Tactile Switch Caps,"12x12x7.3 mm Round Cap Black Pack of 10",1,21,21,https://robu.in/product/round-cap-for-12x12x7-3mm-square-switch-black-pack-of-10/
4,Tactile Push Buttons,12x12x7.3 mm Pack of 10,1,58,58,https://robu.in/product/12x12x7-3mm-tactile-push-button-switch-10pcs/
5,ESP32 Development Board,"38-Pin CP2102 Wi-Fi + Bluetooth Type-C",1,429,429,https://robu.in/product/38pin-cp2102-esp-32-wifibluetooth-development-board-with-type-c-usb-interface/
6,TFT LCD Display,"2.2 inch 240x320 Color SPI",1,679,679,https://robu.in/product/2-2-inch-240320-lcd-color-screen-tft-spi-serial-interface-module-compatible-with-5110/
7,Passive Buzzer,5V Pack of 10,1,47,47,https://robu.in/product/1-month-warranty-1248/
8,Helett HT410 Barcode Scanner,1D + 2D/QR Wired USB,1,1650,1650,https://www.amazon.in/helett-HT410-Handheld-Indicator-Induction/dp/B0CBC9G7W2/
,,,,Grand Total,3028,
